"status","family","pval","qval","gene_short_name","num_cells_expressed","use_for_ordering"
"OK","negbinomial.size",0,0,"MXRA8",1800,TRUE
"OK","negbinomial.size",0,0,"MMP23B",1541,TRUE
"OK","negbinomial.size",0,0,"ERRFI1",4348,TRUE
"OK","negbinomial.size",3.13662154250684e-293,6.55356916489957e-293,"MFAP2",1289,TRUE
"OK","negbinomial.size",0,0,"NBL1",3579,TRUE
"OK","negbinomial.size",0,0,"PLA2G2A",584,TRUE
"OK","negbinomial.size",3.12845815557048e-278,6.35238569147528e-278,"C1QA",573,TRUE
"OK","negbinomial.size",0,0,"C1QB",590,TRUE
"OK","negbinomial.size",3.77240005574109e-21,4.28231764857749e-21,"ID3",4559,TRUE
"OK","negbinomial.size",9.09854232344455e-14,1.00130268572259e-13,"STMN1",3400,TRUE
"OK","negbinomial.size",4.2170573911155e-56,5.35646790501455e-56,"SH3BGRL3",6562,TRUE
"OK","negbinomial.size",0,0,"CD52",1121,TRUE
"OK","negbinomial.size",0,0,"SFN",4066,TRUE
"OK","negbinomial.size",2.18351168227095e-304,4.66354964238116e-304,"IFI6",2158,TRUE
"OK","negbinomial.size",0,0,"LAPTM5",1178,TRUE
"OK","negbinomial.size",0,0,"TINAGL1",2548,TRUE
"OK","negbinomial.size",0,0,"TSPAN1",2835,TRUE
"OK","negbinomial.size",0,0,"CYP4B1",2345,TRUE
"OK","negbinomial.size",0,0,"PLPP3",2158,TRUE
"OK","negbinomial.size",0,0,"TACSTD2",4973,TRUE
"OK","negbinomial.size",2.06765911139942e-265,4.10212186091858e-265,"JUN",7648,TRUE
"OK","negbinomial.size",0,0,"LEPR",968,TRUE
"OK","negbinomial.size",1.31557057574868e-244,2.52321185814325e-244,"CYR61",3865,TRUE
"OK","negbinomial.size",0,0,"F3",3697,TRUE
"OK","negbinomial.size",4.7694118407041e-158,7.72573266331282e-158,"CD53",516,TRUE
"OK","negbinomial.size",0,0,"C1orf162",773,TRUE
"OK","negbinomial.size",0,0,"OLFML3",1818,TRUE
"OK","negbinomial.size",0,0,"ECM1",1578,TRUE
"OK","negbinomial.size",0,0,"CTSK",1776,TRUE
"OK","negbinomial.size",0,0,"S100A4",4750,TRUE
"OK","negbinomial.size",0,0,"S100A2",5116,TRUE
"OK","negbinomial.size",0,0,"S100A14",3618,TRUE
"OK","negbinomial.size",0,0,"EFNA1",2673,TRUE
"OK","negbinomial.size",0,0,"CRABP2",1562,TRUE
"OK","negbinomial.size",0,0,"FCER1A",650,TRUE
"OK","negbinomial.size",0,0,"FCER1G",1390,TRUE
"OK","negbinomial.size",0,0,"HSPA6",2033,TRUE
"OK","negbinomial.size",0,0,"DPT",1562,TRUE
"OK","negbinomial.size",0,0,"ATP1B1",4595,TRUE
"OK","negbinomial.size",4.21556396710922e-278,8.53972560081843e-278,"FMO2",1994,TRUE
"OK","negbinomial.size",0,0,"ANGPTL1",962,TRUE
"OK","negbinomial.size",1.67331262910688e-231,3.12616722284546e-231,"ABL2",1879,TRUE
"OK","negbinomial.size",0,0,"QSOX1",2465,TRUE
"OK","negbinomial.size",3.24833409455713e-227,6.00386536707674e-227,"GLUL",6416,TRUE
"OK","negbinomial.size",0,0,"LAMC2",1585,TRUE
"OK","negbinomial.size",0,0,"PRG4",525,TRUE
"OK","negbinomial.size",0,0,"RGS1",1516,TRUE
"OK","negbinomial.size",0,0,"RGS13",816,TRUE
"OK","negbinomial.size",0,0,"RGS2",3274,TRUE
"OK","negbinomial.size",0,0,"CFH",3430,TRUE
"OK","negbinomial.size",1.91715691384487e-155,3.07669894336885e-155,"PTPRC",479,TRUE
"OK","negbinomial.size",0,0,"ELF3",4607,TRUE
"OK","negbinomial.size",0,0,"PRELP",1452,TRUE
"OK","negbinomial.size",0,0,"C1orf186",643,TRUE
"OK","negbinomial.size",0,0,"LAMB3",3016,TRUE
"OK","negbinomial.size",0,0,"HSD11B1",965,TRUE
"OK","negbinomial.size",0,0,"ATF3",5916,TRUE
"OK","negbinomial.size",0,0,"LAPTM4A",7340,TRUE
"OK","negbinomial.size",0,0,"RHOB",5622,TRUE
"OK","negbinomial.size",0,0,"EMILIN1",1725,TRUE
"OK","negbinomial.size",0,0,"LTBP1",1926,TRUE
"OK","negbinomial.size",1.24755708760442e-249,2.41958941878436e-249,"SPTBN1",3136,TRUE
"OK","negbinomial.size",0,0,"EFEMP1",3560,TRUE
"OK","negbinomial.size",7.94424107528976e-68,1.05072913304673e-67,"REL",3385,TRUE
"OK","negbinomial.size",0,0,"CNRIP1",1212,TRUE
"OK","negbinomial.size",3.94324534103539e-239,7.51301149778769e-239,"CAPG",3258,TRUE
"OK","negbinomial.size",0,0,"SFTPB",2468,TRUE
"OK","negbinomial.size",0,0,"IGKC",1246,TRUE
"OK","negbinomial.size",0,0,"GYPC",2138,TRUE
"OK","negbinomial.size",0,0,"CXCR4",798,TRUE
"OK","negbinomial.size",0,0,"ZEB2",1510,TRUE
"OK","negbinomial.size",3.45855256254469e-211,6.23259993041908e-211,"RND3",4888,TRUE
"OK","negbinomial.size",0,0,"TNFAIP6",856,TRUE
"OK","negbinomial.size",0,0,"SCN7A",1251,TRUE
"OK","negbinomial.size",0,0,"TFPI",2915,TRUE
"OK","negbinomial.size",0,0,"COL3A1",2270,TRUE
"OK","negbinomial.size",0,0,"COL5A2",1526,TRUE
"OK","negbinomial.size",0,0,"FN1",2565,TRUE
"OK","negbinomial.size",0,0,"IGFBP2",4079,TRUE
"OK","negbinomial.size",0,0,"IGFBP5",1912,TRUE
"OK","negbinomial.size",1.24932265305825e-280,2.56081539074736e-280,"SERPINE2",1603,TRUE
"OK","negbinomial.size",0,0,"COL6A3",2096,TRUE
"OK","negbinomial.size",0,0,"FBLN2",1964,TRUE
"OK","negbinomial.size",1.67780409566929e-125,2.47240296891642e-125,"ANKRD28",2012,TRUE
"OK","negbinomial.size",0,0,"SELK",4036,TRUE
"OK","negbinomial.size",0,0,"COL8A1",1503,TRUE
"OK","negbinomial.size",0,0,"FILIP1L",1576,TRUE
"OK","negbinomial.size",0,0,"ABI3BP",1495,TRUE
"OK","negbinomial.size",0,0,"CCDC80",3001,TRUE
"OK","negbinomial.size",0,0,"FSTL1",2665,TRUE
"OK","negbinomial.size",0,0,"MYLK",1623,TRUE
"OK","negbinomial.size",4.43282410598587e-247,8.539850449171e-247,"GATA2",490,TRUE
"OK","negbinomial.size",0,0,"TM4SF1",4188,TRUE
"OK","negbinomial.size",0,0,"LXN",1738,TRUE
"OK","negbinomial.size",0,0,"RARRES1",2150,TRUE
"OK","negbinomial.size",0,0,"SOX2",1885,TRUE
"OK","negbinomial.size",0,0,"HES1",4303,TRUE
"OK","negbinomial.size",0,0,"APOD",2377,TRUE
"OK","negbinomial.size",0,0,"SPON2",1704,TRUE
"OK","negbinomial.size",0,0,"HTRA3",1340,TRUE
"OK","negbinomial.size",0,0,"FGFBP1",1545,TRUE
"OK","negbinomial.size",2.7913865854298e-163,4.57301022044844e-163,"SOD3",3040,TRUE
"OK","negbinomial.size",0,0,"RHOH",696,TRUE
"OK","negbinomial.size",0,0,"LIMCH1",1827,TRUE
"OK","negbinomial.size",0,0,"KIT",647,TRUE
"OK","negbinomial.size",0,0,"IGFBP7",6566,TRUE
"OK","negbinomial.size",0,0,"CXCL8",3580,TRUE
"OK","negbinomial.size",0,0,"CXCL1",3455,TRUE
"OK","negbinomial.size",0,0,"CXCL2",4307,TRUE
"OK","negbinomial.size",0,0,"AREG",4226,TRUE
"OK","negbinomial.size",0,0,"SPARCL1",2550,TRUE
"OK","negbinomial.size",0,0,"SPP1",724,TRUE
"OK","negbinomial.size",0,0,"HPGDS",920,TRUE
"OK","negbinomial.size",0,0,"ADH1B",1662,TRUE
"OK","negbinomial.size",0,0,"SFRP2",1763,TRUE
"OK","negbinomial.size",0,0,"GUCY1A3",1099,TRUE
"OK","negbinomial.size",2.47907248402828e-292,5.16722337032401e-292,"TDO2",706,TRUE
"OK","negbinomial.size",0,0,"CPE",1253,TRUE
"OK","negbinomial.size",0,0,"HPGD",981,TRUE
"OK","negbinomial.size",0,0,"PDLIM3",2053,TRUE
"OK","negbinomial.size",3.97508029800338e-304,8.44826648101456e-304,"C1QTNF3",524,TRUE
"OK","negbinomial.size",0,0,"C7",1631,TRUE
"OK","negbinomial.size",0,0,"SEPP1",3545,TRUE
"OK","negbinomial.size",0,0,"PLPP1",2428,TRUE
"OK","negbinomial.size",0,0,"MAP1B",1241,TRUE
"OK","negbinomial.size",1.56632825696215e-259,3.07925895970969e-259,"F2R",1060,TRUE
"OK","negbinomial.size",0,0,"VCAN",2491,TRUE
"OK","negbinomial.size",1.78181517101444e-291,3.70497625703723e-291,"CXCL14",1486,TRUE
"OK","negbinomial.size",0.201936860695696,0.204777707505014,"EGR1",6366,TRUE
"OK","negbinomial.size",0,0,"HBEGF",2879,TRUE
"OK","negbinomial.size",0,0,"SCGB3A2",2361,TRUE
"OK","negbinomial.size",2.78626823385057e-114,4.00352495395473e-114,"SLC26A2",1059,TRUE
"OK","negbinomial.size",0,0,"SMIM3",2077,TRUE
"OK","negbinomial.size",0,0,"GPX3",2053,TRUE
"OK","negbinomial.size",0,0,"SPARC",2717,TRUE
"OK","negbinomial.size",0,0,"SLIT3",1043,TRUE
"OK","negbinomial.size",8.66695432399773e-232,1.62270898057533e-231,"LTC4S",1656,TRUE
"OK","negbinomial.size",6.76912092715951e-238,1.28405473727916e-237,"RNF130",2546,TRUE
"OK","negbinomial.size",0,0,"SCGB3A1",6841,TRUE
"OK","negbinomial.size",0,0,"NEDD9",4008,TRUE
"OK","negbinomial.size",0,0,"EDN1",2136,TRUE
"OK","negbinomial.size",0,0,"SOX4",5216,TRUE
"OK","negbinomial.size",0,0,"HIST1H1C",2626,TRUE
"OK","negbinomial.size",0,0,"HIST1H2AE",1330,TRUE
"OK","negbinomial.size",6.30090535433267e-168,1.06036636799567e-167,"IER3",5698,TRUE
"OK","negbinomial.size",0,0,"HSPA1A",6814,TRUE
"OK","negbinomial.size",0,0,"HSPA1B",5989,TRUE
"OK","negbinomial.size",0,0,"TNXB",1275,TRUE
"OK","negbinomial.size",5.5686451738183e-72,7.45646760890531e-72,"HLA-DRA",3569,TRUE
"OK","negbinomial.size",0,0,"HMGA1",3147,TRUE
"OK","negbinomial.size",0,0,"FKBP5",2467,TRUE
"OK","negbinomial.size",0,0,"BMP5",1012,TRUE
"OK","negbinomial.size",0,0,"CD24",3366,TRUE
"OK","negbinomial.size",0,0,"LAMA4",1113,TRUE
"OK","negbinomial.size",0,0,"NCOA7",4305,TRUE
"OK","negbinomial.size",2.62111216910815e-185,4.5345240525571e-185,"ARHGAP18",1476,TRUE
"OK","negbinomial.size",0,0,"CTGF",2843,TRUE
"OK","negbinomial.size",0,0,"MOXD1",1392,TRUE
"OK","negbinomial.size",0,0,"TCF21",1709,TRUE
"OK","negbinomial.size",2.52340512275092e-40,3.08733441468111e-40,"TNFAIP3",3262,TRUE
"OK","negbinomial.size",0,0,"AKAP12",1700,TRUE
"OK","negbinomial.size",8.69158264231637e-205,1.5533510300834e-204,"SYTL3",711,TRUE
"OK","negbinomial.size",0,0,"EZR",5493,TRUE
"OK","negbinomial.size",0,0,"SOD2",3986,TRUE
"OK","negbinomial.size",0,0,"THBS2",1022,TRUE
"OK","negbinomial.size",0,0,"AGR2",2928,TRUE
"OK","negbinomial.size",2.94047319273843e-316,6.45560737911412e-316,"IL6",555,TRUE
"OK","negbinomial.size",0,0,"GPNMB",1902,TRUE
"OK","negbinomial.size",0,0,"INMT",1137,TRUE
"OK","negbinomial.size",0,0,"SFRP4",1063,TRUE
"OK","negbinomial.size",0,0,"INHBA",807,TRUE
"OK","negbinomial.size",0,0,"AEBP1",1744,TRUE
"OK","negbinomial.size",0,0,"CLDN4",3977,TRUE
"OK","negbinomial.size",0,0,"ELN",2159,TRUE
"OK","negbinomial.size",3.8719327868613e-133,5.83488129030492e-133,"LAT2",411,TRUE
"OK","negbinomial.size",0,0,"HSPB1",7685,TRUE
"OK","negbinomial.size",0,0,"GNG11",1446,TRUE
"OK","negbinomial.size",0,0,"COL1A2",2482,TRUE
"OK","negbinomial.size",0,0,"PDK4",1938,TRUE
"OK","negbinomial.size",0,0,"PCOLCE",2252,TRUE
"OK","negbinomial.size",3.83347018178087e-262,7.5879901767516e-262,"SERPINE1",1417,TRUE
"OK","negbinomial.size",0,0,"LRRC17",864,TRUE
"OK","negbinomial.size",2.30856199494882e-146,3.59802905519051e-146,"CAV1",3694,TRUE
"OK","negbinomial.size",1.05223171001747e-310,2.28115395780731e-310,"WNT2",678,TRUE
"OK","negbinomial.size",0,0,"CALD1",3822,TRUE
"OK","negbinomial.size",0,0,"RARRES2",2811,TRUE
"OK","negbinomial.size",0,0,"TMEM176B",2301,TRUE
"OK","negbinomial.size",0,0,"TMEM176A",1698,TRUE
"OK","negbinomial.size",0,0,"TMSB4X",8675,TRUE
"OK","negbinomial.size",9.65104301298452e-173,1.64010848845415e-172,"AP1S2",1173,TRUE
"OK","negbinomial.size",2.78448466563335e-166,4.6587606107792e-166,"SYAP1",2825,TRUE
"OK","negbinomial.size",0,0,"SAT1",8298,TRUE
"OK","negbinomial.size",0,0,"SRPX",1305,TRUE
"OK","negbinomial.size",0,0,"MAOB",1470,TRUE
"OK","negbinomial.size",0,0,"TIMP1",6902,TRUE
"OK","negbinomial.size",1.18913888925207e-283,2.44905985524533e-283,"ITM2A",1118,TRUE
"OK","negbinomial.size",4.16388779866411e-133,6.26393555799036e-133,"BTK",421,TRUE
"OK","negbinomial.size",0,0,"RPL36A",6859,TRUE
"OK","negbinomial.size",6.65772528275224e-276,1.3392865975769e-275,"TCEAL7",876,TRUE
"OK","negbinomial.size",0,0,"TSC22D3",5977,TRUE
"OK","negbinomial.size",0,0,"GPC3",1899,TRUE
"OK","negbinomial.size",0,0,"FHL1",2419,TRUE
"OK","negbinomial.size",0,0,"HMGB3",2786,TRUE
"OK","negbinomial.size",0,0,"BGN",2092,TRUE
"OK","negbinomial.size",8.66472982179405e-135,1.31722166886676e-134,"RENBP",417,TRUE
"OK","negbinomial.size",0,0,"SCARA5",730,TRUE
"OK","negbinomial.size",4.9209252199864e-274,9.85324147057462e-274,"C8orf4",1961,TRUE
"OK","negbinomial.size",0.00081116668465071,0.000841317964296,"CEBPD",6286,TRUE
"OK","negbinomial.size",2.29396639832142e-195,4.03309133038217e-195,"PENK",512,TRUE
"OK","negbinomial.size",0,0,"SDCBP",4924,TRUE
"OK","negbinomial.size",0,0,"GEM",2727,TRUE
"OK","negbinomial.size",0,0,"SDC2",2012,TRUE
"OK","negbinomial.size",0,0,"CTHRC1",1172,TRUE
"OK","negbinomial.size",0,0,"COL14A1",1457,TRUE
"OK","negbinomial.size",0,0,"TRIB1",4131,TRUE
"OK","negbinomial.size",5.31274108523131e-27,6.16848461573837e-27,"MYC",4394,TRUE
"OK","negbinomial.size",0,0,"PLIN2",2785,TRUE
"OK","negbinomial.size",0,0,"AQP3",5010,TRUE
"OK","negbinomial.size",0,0,"TPM2",3719,TRUE
"OK","negbinomial.size",0,0,"MAMDC2",1173,TRUE
"OK","negbinomial.size",0,0,"CTSL",2875,TRUE
"OK","negbinomial.size",0,0,"OGN",1286,TRUE
"OK","negbinomial.size",0,0,"OMD",701,TRUE
"OK","negbinomial.size",0,0,"ASPN",1200,TRUE
"OK","negbinomial.size",1.02256172967027e-148,1.60238386986374e-148,"FBP1",735,TRUE
"OK","negbinomial.size",1.82453160385967e-306,3.92591999337965e-306,"PAPPA",720,TRUE
"OK","negbinomial.size",0,0,"GSN",5412,TRUE
"OK","negbinomial.size",0,0,"LCN2",1974,TRUE
"OK","negbinomial.size",0,0,"COL5A1",1500,TRUE
"OK","negbinomial.size",0,0,"PTGDS",2135,TRUE
"OK","negbinomial.size",2.04198844269731e-09,2.19418633904742e-09,"CTSD",6193,TRUE
"OK","negbinomial.size",0,0,"SYT8",2782,TRUE
"OK","negbinomial.size",0,0,"PHLDA2",4104,TRUE
"OK","negbinomial.size",0,0,"PRKCDBP",2199,TRUE
"OK","negbinomial.size",9.63648016822524e-317,2.12100642648574e-316,"DKK3",3655,TRUE
"OK","negbinomial.size",0,0,"SAA1",2084,TRUE
"OK","negbinomial.size",0,0,"FIBIN",922,TRUE
"OK","negbinomial.size",0,0,"C11orf96",1649,TRUE
"OK","negbinomial.size",0,0,"SERPING1",3358,TRUE
"OK","negbinomial.size",0,0,"FTH1",8712,TRUE
"OK","negbinomial.size",0,0,"SCGB1A1",5972,TRUE
"OK","negbinomial.size",0,0,"MALAT1",5952,TRUE
"OK","negbinomial.size",0.00682489344894965,0.0070196585414286,"SERPINH1",4294,TRUE
"OK","negbinomial.size",0,0,"BIRC3",3029,TRUE
"OK","negbinomial.size",0,0,"MMP7",2310,TRUE
"OK","negbinomial.size",0,0,"MMP10",924,TRUE
"OK","negbinomial.size",0,0,"MMP1",1797,TRUE
"OK","negbinomial.size",9.85675778840374e-116,1.42101591449487e-115,"FDX1",3343,TRUE
"OK","negbinomial.size",0,0,"NNMT",2948,TRUE
"OK","negbinomial.size",0,0,"TAGLN",2375,TRUE
"OK","negbinomial.size",0,0,"THY1",1757,TRUE
"OK","negbinomial.size",3.6066792146411e-322,8.00386346262819e-322,"VWA5A",1511,TRUE
"OK","negbinomial.size",0,0,"ST3GAL4",1883,TRUE
"OK","negbinomial.size",0,0,"ITIH5",1333,TRUE
"OK","negbinomial.size",0,0,"VIM",5347,TRUE
"OK","negbinomial.size",9.37488027878104e-254,1.82230818902148e-253,"RP11-354E11.2",546,TRUE
"OK","negbinomial.size",0,0,"CREM",2142,TRUE
"OK","negbinomial.size",0,0,"CXCL12",1433,TRUE
"OK","negbinomial.size",0,0,"C10orf10",1457,TRUE
"OK","negbinomial.size",3.67637304233236e-133,5.5498476118979e-133,"ALOX5",533,TRUE
"OK","negbinomial.size",3.24798372182737e-126,4.80257422116355e-126,"ARID5B",4554,TRUE
"OK","negbinomial.size",0,0,"SRGN",2567,TRUE
"OK","negbinomial.size",2.32811598822259e-76,3.12705020157227e-76,"DDIT4",5452,TRUE
"OK","negbinomial.size",0,0,"PLAC9",2213,TRUE
"OK","negbinomial.size",0,0,"ADIRF",5657,TRUE
"OK","negbinomial.size",0,0,"ACTA2",1692,TRUE
"OK","negbinomial.size",0,0,"AVPI1",3369,TRUE
"OK","negbinomial.size",6.33334716291408e-212,1.14609734224282e-211,"RGS10",2363,TRUE
"OK","negbinomial.size",0,0,"BAG3",3857,TRUE
"OK","negbinomial.size",0,0,"C1S",2866,TRUE
"OK","negbinomial.size",0,0,"C1R",3730,TRUE
"OK","negbinomial.size",0,0,"SLC2A3",2061,TRUE
"OK","negbinomial.size",0,0,"MFAP5",411,TRUE
"OK","negbinomial.size",0,0,"A2M",2467,TRUE
"OK","negbinomial.size",0,0,"CD69",945,TRUE
"OK","negbinomial.size",0,0,"GPRC5A",4315,TRUE
"OK","negbinomial.size",2.11149696916096e-267,4.19872385821662e-267,"EMP1",3927,TRUE
"OK","negbinomial.size",0,0,"MGP",3001,TRUE
"OK","negbinomial.size",0,0,"ARHGDIB",2490,TRUE
"OK","negbinomial.size",3.45845952088873e-323,7.90505033345994e-323,"TUBA1B",5897,TRUE
"OK","negbinomial.size",0,0,"TUBA1A",4449,TRUE
"OK","negbinomial.size",0,0,"AQP5",2317,TRUE
"OK","negbinomial.size",0,0,"KRT7",3279,TRUE
"OK","negbinomial.size",0,0,"KRT6A",1508,TRUE
"OK","negbinomial.size",0,0,"KRT5",4416,TRUE
"OK","negbinomial.size",0,0,"KRT8",4870,TRUE
"OK","negbinomial.size",0,0,"KRT18",4760,TRUE
"OK","negbinomial.size",6.761423835258e-12,7.3939717035375e-12,"IGFBP6",4535,TRUE
"OK","negbinomial.size",0,0,"MMP19",1157,TRUE
"OK","negbinomial.size",0,0,"LRP1",2304,TRUE
"OK","negbinomial.size",0,0,"CPM",1411,TRUE
"OK","negbinomial.size",1.03610377287856e-234,1.95683354484707e-234,"LYZ",785,TRUE
"OK","negbinomial.size",1.36789560830801e-269,2.73263210435665e-269,"TSPAN8",2144,TRUE
"OK","negbinomial.size",0,0,"LUM",2611,TRUE
"OK","negbinomial.size",0,0,"DCN",2940,TRUE
"OK","negbinomial.size",0,0,"IGF1",1732,TRUE
"OK","negbinomial.size",0,0,"HCAR2",1639,TRUE
"OK","negbinomial.size",0,0,"ALOX5AP",1376,TRUE
"OK","negbinomial.size",0,0,"HSPH1",4745,TRUE
"OK","negbinomial.size",0,0,"POSTN",1593,TRUE
"OK","negbinomial.size",0,0,"LHFP",1880,TRUE
"OK","negbinomial.size",7.17780690513128e-105,1.02118469949647e-104,"ELF1",2898,TRUE
"OK","negbinomial.size",0,0,"RGCC",4058,TRUE
"OK","negbinomial.size",5.69391159714304e-173,9.6953415974975e-173,"LCP1",528,TRUE
"OK","negbinomial.size",0,0,"KLF5",3663,TRUE
"OK","negbinomial.size",1.07468511917991e-199,1.90492341821849e-199,"GPR183",518,TRUE
"OK","negbinomial.size",0,0,"ITGBL1",823,TRUE
"OK","negbinomial.size",0,0,"TNFSF13B",1165,TRUE
"OK","negbinomial.size",0,0,"COL4A1",998,TRUE
"OK","negbinomial.size",1.44343609436653e-159,2.34694026621626e-159,"STXBP6",902,TRUE
"OK","negbinomial.size",1.12080164034247e-08,1.19690545542745e-08,"NFKBIA",7532,TRUE
"OK","negbinomial.size",0,0,"NKX2-1",2182,TRUE
"OK","negbinomial.size",0,0,"ZFP36L1",6986,TRUE
"OK","negbinomial.size",0,0,"LTBP2",1852,TRUE
"OK","negbinomial.size",3.79797129613186e-219,6.93089698555709e-219,"BATF",983,TRUE
"OK","negbinomial.size",0,0,"DIO2",603,TRUE
"OK","negbinomial.size",0,0,"GPR65",681,TRUE
"OK","negbinomial.size",0,0,"FBLN5",1716,TRUE
"OK","negbinomial.size",0,0,"MEG3",2605,TRUE
"OK","negbinomial.size",0,0,"HSP90AA1",8084,TRUE
"OK","negbinomial.size",2.39906130995268e-231,4.47238800239023e-231,"ZNF106",2526,TRUE
"OK","negbinomial.size",0,0,"B2M",8696,TRUE
"OK","negbinomial.size",0,0,"FBN1",1703,TRUE
"OK","negbinomial.size",0,0,"FGF7",1741,TRUE
"OK","negbinomial.size",5.52775623930975e-212,1.00241281907818e-211,"HDC",426,TRUE
"OK","negbinomial.size",4.45695992797595e-142,6.90908662670107e-142,"LEO1",1135,TRUE
"OK","negbinomial.size",0,0,"LOXL1",1962,TRUE
"OK","negbinomial.size",0,0,"ISLR",1523,TRUE
"OK","negbinomial.size",2.88331992575592e-258,5.64269623479383e-258,"BCL2A1",589,TRUE
"OK","negbinomial.size",2.48256776685722e-315,5.43650915945735e-315,"AKAP13",3434,TRUE
"OK","negbinomial.size",1.3927433882454e-234,2.6246689124886e-234,"MFGE8",2441,TRUE
"OK","negbinomial.size",0,0,"TMEM204",847,TRUE
"OK","negbinomial.size",0,0,"TNFRSF12A",3948,TRUE
"OK","negbinomial.size",0,0,"SOCS1",1824,TRUE
"OK","negbinomial.size",0,0,"MMP2",2785,TRUE
"OK","negbinomial.size",0,0,"CES1",2005,TRUE
"OK","negbinomial.size",0,0,"MT2A",7262,TRUE
"OK","negbinomial.size",1.56916370605058e-39,1.91712797420021e-39,"MT1E",5611,TRUE
"OK","negbinomial.size",0,0,"MT1M",1683,TRUE
"OK","negbinomial.size",0,0,"MT1A",852,TRUE
"OK","negbinomial.size",7.41424347066602e-127,1.10005499178835e-126,"MT1X",6291,TRUE
"OK","negbinomial.size",0,0,"CDH11",1726,TRUE
"OK","negbinomial.size",0,0,"CKLF",2542,TRUE
"OK","negbinomial.size",2.91399150433276e-277,5.88925853095289e-277,"TPPP3",4897,TRUE
"OK","negbinomial.size",0,0,"CRISPLD2",1709,TRUE
"OK","negbinomial.size",0,0,"SERPINF1",6329,TRUE
"OK","negbinomial.size",3.43671219097727e-222,6.31158396007503e-222,"CD68",1077,TRUE
"OK","negbinomial.size",1.72246234071329e-248,3.3331765653624e-248,"MYH10",1543,TRUE
"OK","negbinomial.size",0,0,"PMP22",2494,TRUE
"OK","negbinomial.size",1.11931313760464e-278,2.27813144477181e-278,"RASD1",2199,TRUE
"OK","negbinomial.size",0,0,"MFAP4",2252,TRUE
"OK","negbinomial.size",0,0,"ALDH3A1",2653,TRUE
"OK","negbinomial.size",3.3485667716089e-171,5.66831752924012e-171,"EVI2A",557,TRUE
"OK","negbinomial.size",0,0,"CCL2",1642,TRUE
"OK","negbinomial.size",0,0,"CCL13",423,TRUE
"OK","negbinomial.size",0,0,"CCL18",1149,TRUE
"OK","negbinomial.size",0,0,"CCL4",525,TRUE
"OK","negbinomial.size",0,0,"IGFBP4",4815,TRUE
"OK","negbinomial.size",0,0,"KRT15",4653,TRUE
"OK","negbinomial.size",0,0,"KRT19",5287,TRUE
"OK","negbinomial.size",0,0,"KRT14",1368,TRUE
"OK","negbinomial.size",0,0,"KRT17",5157,TRUE
"OK","negbinomial.size",1.41829073487979e-293,2.97051207184265e-293,"AOC3",777,TRUE
"OK","negbinomial.size",0,0,"ITGA3",1989,TRUE
"OK","negbinomial.size",0,0,"COL1A1",2837,TRUE
"OK","negbinomial.size",0,0,"TMEM100",672,TRUE
"OK","negbinomial.size",0,0,"ABCA8",1246,TRUE
"OK","negbinomial.size",0,0,"ABCA6",868,TRUE
"OK","negbinomial.size",1.82438929815434e-16,2.03362982332926e-16,"SOCS3",5509,TRUE
"OK","negbinomial.size",0,0,"TIMP2",2137,TRUE
"OK","negbinomial.size",0,0,"BAIAP2",3317,TRUE
"OK","negbinomial.size",0,0,"PMAIP1",3527,TRUE
"OK","negbinomial.size",0,0,"SERPINB5",2265,TRUE
"OK","negbinomial.size",0,0,"SERPINB3",1010,TRUE
"OK","negbinomial.size",3.58084056949489e-317,7.90159977898939e-317,"CCDC102B",944,TRUE
"OK","negbinomial.size",0,0,"CYB5A",6389,TRUE
"OK","negbinomial.size",0,0,"CST3",6976,TRUE
"OK","negbinomial.size",0,0,"ID1",5053,TRUE
"OK","negbinomial.size",0,0,"BPIFB1",3107,TRUE
"OK","negbinomial.size",0,0,"MYL9",3838,TRUE
"OK","negbinomial.size",0,0,"SAMHD1",1809,TRUE
"OK","negbinomial.size",0,0,"TGM2",1835,TRUE
"OK","negbinomial.size",0,0,"WISP2",639,TRUE
"OK","negbinomial.size",0,0,"SLPI",5561,TRUE
"OK","negbinomial.size",0,0,"SDC4",3718,TRUE
"OK","negbinomial.size",0,0,"WFDC2",4838,TRUE
"OK","negbinomial.size",0,0,"PLTP",2371,TRUE
"OK","negbinomial.size",0,0,"CFD",2440,TRUE
"OK","negbinomial.size",0,0,"CAPS",3193,TRUE
"OK","negbinomial.size",0,0,"C3",2069,TRUE
"OK","negbinomial.size",0,0,"LDLR",3223,TRUE
"OK","negbinomial.size",0,0,"DNAJB1",6471,TRUE
"OK","negbinomial.size",0,0,"GDF15",2485,TRUE
"OK","negbinomial.size",0,0,"COMP",802,TRUE
"OK","negbinomial.size",0,0,"FXYD3",4046,TRUE
"OK","negbinomial.size",0,0,"FXYD1",1719,TRUE
"OK","negbinomial.size",2.72177773959447e-149,4.28061408136222e-149,"FXYD5",3635,TRUE
"OK","negbinomial.size",6.69194359396337e-169,1.12836865668193e-168,"HCST",589,TRUE
"OK","negbinomial.size",0,0,"TYROBP",1475,TRUE
"OK","negbinomial.size",0,0,"COX7A1",1337,TRUE
"OK","negbinomial.size",0,0,"PPP1R14A",1224,TRUE
"OK","negbinomial.size",0,0,"LGALS7B",2332,TRUE
"OK","negbinomial.size",7.9639774964502e-287,1.64804797474388e-286,"GMFG",764,TRUE
"OK","negbinomial.size",5.60417954291365e-57,7.14987508056093e-57,"LTBP4",4084,TRUE
"OK","negbinomial.size",0,0,"CXCL17",2733,TRUE
"OK","negbinomial.size",0,0,"BCAM",3882,TRUE
"OK","negbinomial.size",0,0,"APOE",2312,TRUE
"OK","negbinomial.size",0,0,"APOC1",1590,TRUE
"OK","negbinomial.size",0,0,"EMP3",3987,TRUE
"OK","negbinomial.size",0,0,"FTL",8576,TRUE
"OK","negbinomial.size",0,0,"CD37",859,TRUE
"OK","negbinomial.size",0,0,"KLK11",1786,TRUE
"OK","negbinomial.size",1.61825928643679e-196,2.85090485288762e-196,"ZNF331",1425,TRUE
"OK","negbinomial.size",0,0,"TMEM190",1872,TRUE
"OK","negbinomial.size",0,0,"SELM",3610,TRUE
"OK","negbinomial.size",0,0,"TIMP3",3962,TRUE
"OK","negbinomial.size",7.78557402445724e-222,1.42680540914312e-221,"RAC2",1079,TRUE
"OK","negbinomial.size",0,0,"LGALS1",5854,TRUE
"OK","negbinomial.size",0,0,"KDELR3",1136,TRUE
"OK","negbinomial.size",0,0,"FBLN1",4483,TRUE
"OK","negbinomial.size",0,0,"SAMSN1",998,TRUE
"OK","negbinomial.size",0,0,"COL6A1",2633,TRUE
"OK","negbinomial.size",0,0,"COL6A2",2512,TRUE
"OK","negbinomial.size",0,0,"IL1RL1",646,TRUE
"OK","negbinomial.size",0,0,"CPA3",934,TRUE
"OK","negbinomial.size",0,0,"MS4A2",804,TRUE
"OK","negbinomial.size",1.11084842481175e-274,2.22942897323008e-274,"SLC18A2",518,TRUE
"OK","negbinomial.size",0,0,"CTSG",550,TRUE
"OK","negbinomial.size",5.03001237956468e-166,8.36723213139124e-166,"IGHM",71,TRUE
"OK","negbinomial.size",0,0,"TPSB2",1092,TRUE
"OK","negbinomial.size",0,0,"TPSAB1",1092,TRUE
"OK","negbinomial.size",0,0,"CCL11",286,TRUE
"OK","negbinomial.size",0,0,"RPS4Y1",3217,TRUE
"OK","negbinomial.size",0,0,"MICOS10",1516,TRUE
"OK","negbinomial.size",0,0,"ATP5IF1",1961,TRUE
"OK","negbinomial.size",0,0,"CCN1",1894,TRUE
"OK","negbinomial.size",0,0,"ATP5MC3",1783,TRUE
"OK","negbinomial.size",0,0,"ATP5ME",1904,TRUE
"OK","negbinomial.size",0,0,"RACK1",2395,TRUE
"OK","negbinomial.size",0,0,"SNHG32",1750,TRUE
"OK","negbinomial.size",0,0,"CCN2",832,TRUE
"OK","negbinomial.size",0,0,"SEM1",1788,TRUE
"OK","negbinomial.size",0,0,"ATP5MF",1775,TRUE
"OK","negbinomial.size",0,0,"TCEAL9",1285,TRUE
"OK","negbinomial.size",0,0,"TCIM",883,TRUE
"OK","negbinomial.size",0,0,"SELENOH",1374,TRUE
"OK","negbinomial.size",0,0,"PLAAT4",1315,TRUE
"OK","negbinomial.size",0,0,"ATP5MG",2190,TRUE
"OK","negbinomial.size",0,0,"ATP5MD",1978,TRUE
"OK","negbinomial.size",0,0,"ATP5MC2",2118,TRUE
"OK","negbinomial.size",0,0,"ATP5F1B",1658,TRUE
"OK","negbinomial.size",0,0,"AC004086.1",2462,TRUE
"OK","negbinomial.size",0,0,"ATP5MPL",1840,TRUE
"OK","negbinomial.size",0,0,"ELOB",2089,TRUE
"OK","negbinomial.size",0,0,"ATP5PD",1560,TRUE
"OK","negbinomial.size",0,0,"JPT1",1435,TRUE
"OK","negbinomial.size",0,0,"ATP5F1E",2326,TRUE
"OK","negbinomial.size",0,0,"ATP5F1D",1775,TRUE
"OK","negbinomial.size",0,0,"TRIR",1525,TRUE
"OK","negbinomial.size",0,0,"NOP53",2036,TRUE
"OK","negbinomial.size",0,0,"SELENOW",2134,TRUE
"OK","negbinomial.size",0,0,"ATP5PF",1687,TRUE
"OK","negbinomial.size",0,0,"ATP5PO",1736,TRUE
"OK","negbinomial.size",1.54603874140447e-239,2.95214903160015e-239,"DUSP2",2262,TRUE
"OK","negbinomial.size",6.16144322753584e-215,1.12203124038284e-214,"CYP1B1",1015,TRUE
"OK","negbinomial.size",0,0,"TENT5A",916,TRUE
"OK","negbinomial.size",0,0,"DNAJA4",2107,TRUE
"OK","negbinomial.size",2.75326908382178e-304,5.86595506774837e-304,"GPX1",4992,TRUE
"OK","negbinomial.size",2.77719336027396e-228,5.15509067947849e-228,"UBC",8227,TRUE
"OK","negbinomial.size",7.39399704234723e-255,1.44374885815584e-254,"CA3",342,TRUE
"OK","negbinomial.size",0,0,"SAA2",1039,TRUE
"OK","negbinomial.size",3.94913640481938e-164,6.48197910847963e-164,"ADAMTS1",1374,TRUE
"OK","negbinomial.size",5.06946920974415e-167,8.49823811323389e-167,"HLA-DPB1",2099,TRUE
"OK","negbinomial.size",3.24496986875674e-139,5.01231952941889e-139,"CSF1",1307,TRUE
"OK","negbinomial.size",0,0,"CAVIN2",760,TRUE
"OK","negbinomial.size",0,0,"RAB11FIP1",2214,TRUE
"OK","negbinomial.size",0,0,"HCAR3",1061,TRUE
"OK","negbinomial.size",5.16353482766684e-299,1.09472000635584e-298,"IRX2",1759,TRUE
"OK","negbinomial.size",0,0,"AGR3",1623,TRUE
"OK","negbinomial.size",2.59700163872222e-254,5.05947391327639e-254,"SOX9",2380,TRUE
"OK","negbinomial.size",1.06824587812247e-124,1.5688161028454e-124,"DBI",5380,TRUE
"OK","negbinomial.size",4.48041710742263e-125,6.59108979238193e-125,"AIF1",414,TRUE
"OK","negbinomial.size",2.79237607717534e-295,5.87689855658558e-295,"KLF6",7036,TRUE
"OK","negbinomial.size",9.19345789369563e-166,1.52343698813156e-165,"PAG1",888,TRUE
"OK","negbinomial.size",1.67216609314681e-258,3.27987226887072e-258,"SLC34A2",1722,TRUE
"OK","negbinomial.size",7.48907080910704e-193,1.30869621209648e-192,"PLEKHH2",1372,TRUE
"OK","negbinomial.size",1.02044917974599e-135,1.55952038954113e-135,"G0S2",2520,TRUE
"OK","negbinomial.size",2.68685873310499e-121,3.93254281579664e-121,"PTGS1",424,TRUE
"OK","negbinomial.size",4.39451967984106e-149,6.89883760991382e-149,"ADRB2",2102,TRUE
"OK","negbinomial.size",7.15228594866036e-66,9.38805363519152e-66,"CD83",1276,TRUE
"OK","negbinomial.size",2.14739982269253e-129,3.20811890609505e-129,"CST7",307,TRUE
"OK","negbinomial.size",7.95134148715478e-310,1.71947759659722e-309,"H1FX",3276,TRUE
"OK","negbinomial.size",7.09268388958163e-277,1.4301099217921e-276,"GLRX",2378,TRUE
"OK","negbinomial.size",6.61067756068543e-194,1.15753767003905e-193,"IER2",6584,TRUE
"OK","negbinomial.size",1.29648891831905e-165,2.14428855515483e-165,"GADD45A",4602,TRUE
"OK","negbinomial.size",2.01390218733333e-307,4.34420297267664e-307,"LY6D",490,TRUE
"OK","negbinomial.size",1.44991626544415e-60,1.8831495039177e-60,"DST",4660,TRUE
"OK","negbinomial.size",9.05660137951078e-109,1.29273270516119e-108,"MIIP",920,TRUE
"OK","negbinomial.size",0,0,"SMIM22",1657,TRUE
"OK","negbinomial.size",3.2050969491017e-132,4.8048680432807e-132,"CCL4L2",299,TRUE
"OK","negbinomial.size",4.52994747956374e-77,6.0939417882156e-77,"STX11",689,TRUE
"OK","negbinomial.size",1.04139682487993e-127,1.54778050433186e-127,"ID2",5342,TRUE
"OK","negbinomial.size",1.60343864164706e-96,2.22986241965387e-96,"GALC",833,TRUE
"OK","negbinomial.size",9.30994542800033e-14,1.02326592061249e-13,"GNA15",1424,TRUE
"OK","negbinomial.size",1.10599678172638e-189,1.92492397624411e-189,"OSR2",845,TRUE
"OK","negbinomial.size",0,0,"C9orf24",1614,TRUE
"OK","negbinomial.size",2.88953195554455e-104,4.10417921436131e-104,"ACOT7",1441,TRUE
"OK","negbinomial.size",1.31966654169955e-298,2.78417453309782e-298,"JUND",5580,TRUE
"OK","negbinomial.size",5.77986810790391e-114,8.29118725263164e-114,"SMYD3",1333,TRUE
"OK","negbinomial.size",6.85470218357488e-247,1.31762608639828e-246,"CYP24A1",1014,TRUE
"OK","negbinomial.size",1.42144078630787e-294,2.98433563144735e-294,"S100P",1094,TRUE
"OK","negbinomial.size",0,0,"EDN2",620,TRUE
"OK","negbinomial.size",0,0,"PLAU",2008,TRUE
"OK","negbinomial.size",5.42101927784628e-182,9.35964406254897e-182,"APCDD1",1368,TRUE
"OK","negbinomial.size",0,0,"POLR2J3.1",918,TRUE
"OK","negbinomial.size",5.90930757920816e-311,1.28430931055653e-310,"PRSS22",1491,TRUE
"OK","negbinomial.size",2.37639763005168e-66,3.12874269405586e-66,"CTNNBL1",2006,TRUE
"OK","negbinomial.size",1.20595210686367e-230,2.24333026330554e-230,"TOB1",3586,TRUE
"OK","negbinomial.size",4.65656837227862e-198,8.22026865718573e-198,"SFTA1P",809,TRUE
"OK","negbinomial.size",4.43025782791918e-162,7.24418340482059e-162,"FMO3",947,TRUE
"OK","negbinomial.size",8.2138617721848e-262,1.62214393446115e-261,"MMP13",895,TRUE
"OK","negbinomial.size",8.19592677719649e-121,1.19754673349239e-120,"HLA-DQA1",670,TRUE
"OK","negbinomial.size",6.9006352657266e-288,1.43142673977302e-287,"EREG",1132,TRUE
"OK","negbinomial.size",8.01285631072474e-132,1.19915583196832e-131,"ANXA1",8019,TRUE
"OK","negbinomial.size",0,0,"HIST2H2BE",1295,TRUE
"OK","negbinomial.size",0,0,"AOPEP",1016,TRUE
"OK","negbinomial.size",4.87739494873825e-35,5.85964809813693e-35,"IGFBP3",1824,TRUE
"OK","negbinomial.size",1.56656310560756e-34,1.87424216645994e-34,"CRYAB",1699,TRUE
"OK","negbinomial.size",1.12034676495496e-157,1.80802229792171e-157,"SDPR",1974,TRUE
"OK","negbinomial.size",8.31613001251703e-313,1.81195276091204e-312,"HIST1H2BG",1241,TRUE
"OK","negbinomial.size",1.02573521874624e-101,1.44740777196655e-101,"PLGRKT",1967,TRUE
"OK","negbinomial.size",2.92039701552546e-202,5.20854313078253e-202,"PIK3R1",2295,TRUE
"OK","negbinomial.size",1.34764714505734e-38,1.64185180348535e-38,"RASSF5",816,TRUE
"OK","negbinomial.size",6.61397017961722e-71,8.80166800825984e-71,"STK4",1241,TRUE
"OK","negbinomial.size",6.37342262737451e-99,8.94969248811519e-99,"TDRD3",1088,TRUE
"OK","negbinomial.size",1.3567565723985e-171,2.30116555906805e-171,"GABPB1",1738,TRUE
"OK","negbinomial.size",1.18424282766034e-149,1.86588350806228e-149,"CAMK2N1",1057,TRUE
"OK","negbinomial.size",3.48977605628845e-66,4.58762353904181e-66,"SPRY1",3024,TRUE
"OK","negbinomial.size",2.47375456182105e-232,4.65173412168524e-232,"GSTM3",2548,TRUE
"OK","negbinomial.size",6.40718837000813e-306,1.37524018363698e-305,"HIST1H2AC",1802,TRUE
"OK","negbinomial.size",3.09655176373113e-106,4.41271379839773e-106,"CEBPB",5946,TRUE
"OK","negbinomial.size",2.69406778688658e-181,4.64216859692607e-181,"ARHGAP15",666,TRUE
"OK","negbinomial.size",1.24131572476447e-07,1.31424492279225e-07,"LMNA",7773,TRUE
"OK","negbinomial.size",8.87080256802498e-31,1.04540112007379e-30,"PRSS23",2832,TRUE
"OK","negbinomial.size",4.31821884418805e-95,5.98599246830554e-95,"PHF20",2329,TRUE
"OK","negbinomial.size",9.53202717578364e-54,1.20017518297712e-53,"IL32",2736,TRUE
"OK","negbinomial.size",1.82449717264246e-128,2.72101733506159e-128,"HLA-DPA1",2204,TRUE
"OK","negbinomial.size",1.03760130058766e-120,1.51353309444911e-120,"SNX10",658,TRUE
"OK","negbinomial.size",1.74233028980344e-143,2.70577325077196e-143,"HLA-B",7179,TRUE
"OK","negbinomial.size",3.2778710050605e-232,6.15045210277079e-232,"KRT13",639,TRUE
"OK","negbinomial.size",1.59159296264053e-150,2.51687004146995e-150,"JCHAIN",281,TRUE
"OK","negbinomial.size",3.20034293141105e-92,4.39412164392152e-92,"MMP14",2489,TRUE
"OK","negbinomial.size",5.56341307922397e-299,1.17661425758649e-298,"KRT16",750,TRUE
"OK","negbinomial.size",1.82568169147922e-244,3.49383775028657e-244,"RIC3",1791,TRUE
"OK","negbinomial.size",0,0,"CAVIN1",891,TRUE
"OK","negbinomial.size",4.19564343444239e-157,6.7583455694463e-157,"DUSP6",3135,TRUE
"OK","negbinomial.size",2.73633570308535e-19,3.08595877857735e-19,"SLC16A3",1539,TRUE
"OK","negbinomial.size",0,0,"SELENOS",941,TRUE
"OK","negbinomial.size",3.95670750021608e-18,4.43335749700377e-18,"PLAUR",2449,TRUE
"OK","negbinomial.size",3.86292091986927e-199,6.83318322226363e-199,"IGLC2",531,TRUE
"OK","negbinomial.size",4.36391397504813e-282,8.96623655205851e-282,"RRAD",1587,TRUE
"OK","negbinomial.size",1.79196021556569e-211,3.23600331203408e-211,"IGHA1",663,TRUE
"OK","negbinomial.size",2.46574378822566e-236,4.66710804554747e-236,"ITGB6",1336,TRUE
"OK","negbinomial.size",3.2886090605649e-194,5.77007472086944e-194,"ZC3H12A",3139,TRUE
"OK","negbinomial.size",4.87686376287521e-181,8.38665438347327e-181,"BST2",3182,TRUE
"OK","negbinomial.size",1.57333900556186e-65,2.05890807838277e-65,"ALAS1",1033,TRUE
"OK","negbinomial.size",3.62514731815494e-151,5.74313631905499e-151,"USP18",860,TRUE
"OK","negbinomial.size",0,0,"SINHCAF",904,TRUE
"OK","negbinomial.size",0,0,"C20orf85",1209,TRUE
"OK","negbinomial.size",4.72213419672718e-23,5.3887151453417e-23,"TNC",2017,TRUE
"OK","negbinomial.size",1.56800783287325e-190,2.73452978918419e-190,"CD302",1354,TRUE
"OK","negbinomial.size",5.43184954062984e-208,9.74802873992699e-208,"FGL2",612,TRUE
"OK","negbinomial.size",2.45931119668828e-96,3.4146134592863e-96,"CCNH",1701,TRUE
"OK","negbinomial.size",1.01283457397456e-321,2.24305803211926e-321,"HIST1H2BJ",846,TRUE
"OK","negbinomial.size",1.06954935771339e-48,1.32544440461616e-48,"PIM2",613,TRUE
"OK","negbinomial.size",0,0,"SELENOM",903,TRUE
"OK","negbinomial.size",2.27105191006278e-31,2.68735964733831e-31,"TSEN54",1064,TRUE
"OK","negbinomial.size",5.39790430235946e-60,6.96893615155363e-60,"VPS37B",2594,TRUE
"OK","negbinomial.size",4.24810649271824e-166,7.08017748786374e-166,"LGALS7",971,TRUE
"OK","negbinomial.size",2.8922428691254e-166,4.82971058261287e-166,"IGLC3",382,TRUE
"OK","negbinomial.size",3.64131692280197e-247,7.03066771924934e-247,"TUBA4A",1528,TRUE
"OK","negbinomial.size",2.92069470374561e-180,5.00277409651476e-180,"SERPINB4",617,TRUE
"OK","negbinomial.size",2.95810387721528e-284,6.10682542670936e-284,"CLDN3",978,TRUE
"OK","negbinomial.size",1.08957218225021e-57,1.39833818641903e-57,"LMCD1",2000,TRUE
"OK","negbinomial.size",1.32115298125381e-98,1.85218367712244e-98,"PHLDA1",3445,TRUE
"OK","negbinomial.size",2.99402463085454e-228,5.54567731410959e-228,"CCL20",696,TRUE
"OK","negbinomial.size",6.83913039585644e-166,1.13547942272856e-165,"RNF39",993,TRUE
"OK","negbinomial.size",5.8901757638123e-269,1.17396360269531e-268,"RHOV",879,TRUE
"OK","negbinomial.size",1.34201154589895e-78,1.80816197383581e-78,"ELL2",1920,TRUE
"OK","negbinomial.size",3.8599950968084e-111,5.51883596485829e-111,"HOPX",1914,TRUE
"OK","negbinomial.size",8.89470957819369e-279,1.81460466630602e-278,"FAM183A",1187,TRUE
"OK","negbinomial.size",1.01291671343724e-75,1.35840768546235e-75,"COTL1",1836,TRUE
"OK","negbinomial.size",4.5141371325999e-21,5.11759976369451e-21,"FABP5",2788,TRUE
"OK","negbinomial.size",3.51250618794289e-07,3.70526567386658e-07,"ABRACL",2948,TRUE
"OK","negbinomial.size",0,0,"AL031777.3",614,TRUE
"OK","negbinomial.size",1.96228631107949e-223,3.61144182783779e-223,"MUC4",1069,TRUE
"OK","negbinomial.size",9.25585970998278e-94,1.28101098386162e-93,"RHOG",2167,TRUE
"OK","negbinomial.size",2.36480901983459e-144,3.67906439236856e-144,"CXCL6",1190,TRUE
"OK","negbinomial.size",5.04089141351628e-208,9.06522052534633e-208,"PLAC8",1324,TRUE
"OK","negbinomial.size",1.47030321834992e-79,1.98720669355107e-79,"NSMCE1",2777,TRUE
"OK","negbinomial.size",4.68239574542878e-207,8.38565697680309e-207,"SERPINA1",1459,TRUE
"OK","negbinomial.size",4.32700184466879e-238,8.22605845195276e-238,"UBB",8378,TRUE
"OK","negbinomial.size",4.49322377602359e-27,5.2239765675543e-27,"PRKX",783,TRUE
"OK","negbinomial.size",5.16241578602661e-227,9.52129990386571e-227,"DEDD2",2191,TRUE
"OK","negbinomial.size",5.46235053927418e-139,8.4223408493265e-139,"SPINK5",950,TRUE
"OK","negbinomial.size",5.93819776560169e-67,7.83009309031321e-67,"TPM1",4163,TRUE
"OK","negbinomial.size",0,0,"AC087289.1",766,TRUE
"OK","negbinomial.size",6.69466819128468e-119,9.74896967249368e-119,"MTHFD2",1390,TRUE
"OK","negbinomial.size",2.96763689021087e-82,4.0235202351605e-82,"LACTB",1243,TRUE
"OK","negbinomial.size",7.3860285997913e-313,1.61336230778121e-312,"AC005840.1",768,TRUE
"OK","negbinomial.size",1.18918318860142e-92,1.63796729003222e-92,"LEPROTL1",1685,TRUE
"OK","negbinomial.size",2.04971890032844e-11,2.23019729406805e-11,"CDC42EP3",2024,TRUE
"OK","negbinomial.size",1.67631454296452e-152,2.66546338173586e-152,"CTNNB1",4207,TRUE
"OK","negbinomial.size",2.24770489871438e-261,4.4288490601092e-261,"C1orf194",966,TRUE
"OK","negbinomial.size",6.30265723356891e-30,7.41741293474436e-30,"TPST2",1388,TRUE
"OK","negbinomial.size",3.2905356525723e-83,4.47533543942616e-83,"BHLHE40",4511,TRUE
"OK","negbinomial.size",1.54754278517323e-165,2.55462692590619e-165,"SMPDL3A",1151,TRUE
"OK","negbinomial.size",1.9243798503017e-07,2.03246467705857e-07,"FOS",7778,TRUE
"OK","negbinomial.size",6.42751861943058e-200,1.14399251148302e-199,"PPP1R15A",6897,TRUE
"OK","negbinomial.size",3.89679517534653e-305,8.34338570959097e-305,"CSKMT",467,TRUE
"OK","negbinomial.size",1.93686947480629e-44,2.3832035500817e-44,"ACSL4",1366,TRUE
"OK","negbinomial.size",8.41525417852345e-153,1.34302488273483e-152,"TGFBI",1849,TRUE
"OK","negbinomial.size",6.23551546536459e-153,9.96990920062915e-153,"PTPRK",2123,TRUE
"OK","negbinomial.size",8.65360325466942e-221,1.58252998209071e-220,"MT-ND3",8456,TRUE
"OK","negbinomial.size",2.68981095125862e-164,4.42335831338157e-164,"PROS1",973,TRUE
"OK","negbinomial.size",1.12639220102645e-169,1.90298682399976e-169,"PGM2L1",1976,TRUE
"OK","negbinomial.size",1.58478724376632e-212,2.87991799549973e-212,"FAM46A",1888,TRUE
"OK","negbinomial.size",1.18159577787134e-135,1.80261084278432e-135,"HSPA8",6995,TRUE
"OK","negbinomial.size",8.61045891446075e-93,1.18788627767281e-92,"CSTB",6893,TRUE
"OK","negbinomial.size",3.94471707413169e-103,5.59373814610478e-103,"SULF1",1051,TRUE
"OK","negbinomial.size",9.84229640856847e-11,1.06686546283355e-10,"DUSP10",1852,TRUE
"OK","negbinomial.size",4.94627292572815e-280,1.01147188670327e-279,"FAM153CP",711,TRUE
"OK","negbinomial.size",1.41640432344586e-133,2.14194010451166e-133,"COL7A1",1357,TRUE
"OK","negbinomial.size",3.96317359900356e-69,5.25789135450626e-69,"CD74",5523,TRUE
"OK","negbinomial.size",4.34088418393079e-152,6.88966021853236e-152,"H1F0",2820,TRUE
"OK","negbinomial.size",2.67893436430913e-92,3.6840671305682e-92,"ACP5",1288,TRUE
"OK","negbinomial.size",1.92982190204573e-97,2.69676243177635e-97,"EGFL6",838,TRUE
"OK","negbinomial.size",1.4484778726499e-152,2.30742791867802e-152,"TXNIP",4316,TRUE
"OK","negbinomial.size",1.93414868795187e-83,2.63470648043837e-83,"CYP26A1",272,TRUE
"OK","negbinomial.size",2.34698042106323e-39,2.86338231906867e-39,"THBS1",2595,TRUE
"OK","negbinomial.size",1.05481982815987e-18,1.18650084701987e-18,"NR4A1",5329,TRUE
"OK","negbinomial.size",9.2684154045112e-128,1.37989317123962e-127,"KLK10",867,TRUE
"OK","negbinomial.size",1.75688647154482e-137,2.68974654493145e-137,"KCNQ1OT1",2183,TRUE
"OK","negbinomial.size",1.15207042629769e-33,1.3726458935916e-33,"CTSS",2014,TRUE
"OK","negbinomial.size",7.04204736900282e-178,1.20382825576827e-177,"NRP2",2368,TRUE
"OK","negbinomial.size",1.18535967848389e-71,1.58230883007494e-71,"S100A9",1191,TRUE
"OK","negbinomial.size",1.42319924064168e-99,2.00173551732528e-99,"DNAJB9",2487,TRUE
"OK","negbinomial.size",2.2616039132621e-67,2.98669829766674e-67,"RALB",1562,TRUE
"OK","negbinomial.size",1.59965515388294e-189,2.77851748616213e-189,"CXCL3",2068,TRUE
"OK","negbinomial.size",1.64897374804898e-33,1.96198389554658e-33,"IDI1",1880,TRUE
"OK","negbinomial.size",0.0802196801195141,0.0820213041411108,"TNFAIP8",1247,TRUE
"OK","negbinomial.size",9.68539457695955e-135,1.46980110685439e-134,"PLCH2",1022,TRUE
"OK","negbinomial.size",2.71326978949168e-61,3.53460597576853e-61,"DUSP1",7943,TRUE
"OK","negbinomial.size",3.09939984835552e-187,5.37270715195896e-187,"IER5",2244,TRUE
"OK","negbinomial.size",1.24708026113967e-36,1.5087054907494e-36,"ID4",2286,TRUE
"OK","negbinomial.size",7.59625852658489e-168,1.27587643213513e-167,"SIK1",804,TRUE
"OK","negbinomial.size",4.02396383116102e-55,5.08135578679457e-55,"GADD45G",2110,TRUE
"OK","negbinomial.size",9.68387715240427e-162,1.58048183713768e-161,"SOX7",836,TRUE
"OK","negbinomial.size",1.95348810159551e-31,2.31474959983577e-31,"CPEB4",1305,TRUE
"OK","negbinomial.size",5.4683674633805e-126,8.07190760379545e-126,"TNNI2",967,TRUE
"OK","negbinomial.size",0.123527946364363,0.125560133496092,"LBH",2811,TRUE
"OK","negbinomial.size",8.24531373579206e-133,1.23822853844794e-132,"DUSP5",1569,TRUE
"OK","negbinomial.size",3.0457401834196e-10,3.28499408810219e-10,"MTRNR2L12",2826,TRUE
"OK","negbinomial.size",3.12045427693201e-135,4.75210026328555e-135,"SLC5A3",1817,TRUE
"OK","negbinomial.size",8.74240958193787e-51,1.09122428403698e-50,"DAPL1",1242,TRUE
"OK","negbinomial.size",4.1925646310354e-31,4.94756944862977e-31,"PTN",1379,TRUE
"OK","negbinomial.size",0.0246072071269749,0.0252793754926761,"FBXO32",2316,TRUE
"OK","negbinomial.size",9.44059596026153e-200,1.67682043236678e-199,"RSPH1",918,TRUE
"OK","negbinomial.size",1.52958834322608e-118,2.22368725527825e-118,"NR3C1",1974,TRUE
"OK","negbinomial.size",2.09590022141828e-16,2.33327373426874e-16,"SMIM1",666,TRUE
"OK","negbinomial.size",1.71716811145739e-25,1.97783011506078e-25,"SGK1",2725,TRUE
"OK","negbinomial.size",1.02653605568533e-13,1.12684478193885e-13,"STX3",1502,TRUE
"OK","negbinomial.size",2.40985137944255e-156,3.87457517326729e-156,"DEFB1",657,TRUE
"OK","negbinomial.size",2.40127917845958e-69,3.19063976861373e-69,"FSTL3",1094,TRUE
"OK","negbinomial.size",8.34770388778238e-21,9.45126160069602e-21,"BTG2",5902,TRUE
"OK","negbinomial.size",2.11617388495183e-22,2.40854001379386e-22,"MSRA",1339,TRUE
"OK","negbinomial.size",0.0875767415602054,0.0894378765638462,"MLPH",852,TRUE
"OK","negbinomial.size",1.57816687650391e-08,1.68117530563532e-08,"MAFB",2790,TRUE
"OK","negbinomial.size",2.97432901379057e-16,3.30693392921445e-16,"H2AFZ",5970,TRUE
"OK","negbinomial.size",2.61897446211876e-118,3.80102837203478e-118,"PLAGL1",1204,TRUE
"OK","negbinomial.size",7.91911828263284e-127,1.17295159494476e-126,"AAED1",1440,TRUE
"OK","negbinomial.size",2.54146053387306e-26,2.93506456849158e-26,"NDEL1",1334,TRUE
"OK","negbinomial.size",5.73838313779877e-117,8.30050403711695e-117,"CTSC",3105,TRUE
"OK","negbinomial.size",9.38299320612397e-24,1.07358321736736e-23,"METTL21A",1046,TRUE
"OK","negbinomial.size",3.9698464423675e-103,5.62015903870358e-103,"HIST1H4C",3039,TRUE
"OK","negbinomial.size",1.77970721225102e-112,2.54875287847208e-112,"PLK2",2096,TRUE
"OK","negbinomial.size",3.96709776749372e-161,6.46240973424119e-161,"CEACAM6",969,TRUE
"OK","negbinomial.size",9.93343989940383e-181,1.70484633194133e-180,"PIGR",892,TRUE
"OK","negbinomial.size",4.90617051548655e-148,7.67420885333792e-148,"RNASE1",1483,TRUE
"OK","negbinomial.size",1.49962601200776e-138,2.30814323912226e-138,"TMC5",846,TRUE
"OK","negbinomial.size",3.81803558702751e-57,4.87828771459202e-57,"COL16A1",1301,TRUE
"OK","negbinomial.size",1.32483762285815e-63,1.72848347476968e-63,"ANGPTL4",989,TRUE
"OK","negbinomial.size",9.11131411503512e-138,1.3973912605506e-137,"CLU",5685,TRUE
"OK","negbinomial.size",3.80866913694811e-05,3.98849734075075e-05,"UCP2",1045,TRUE
"OK","negbinomial.size",7.37233014599105e-159,1.19644757528748e-158,"CRIP1",2584,TRUE
"OK","negbinomial.size",5.34940120200422e-11,5.81310557755484e-11,"AKR1C1",1721,TRUE
"OK","negbinomial.size",1.2536860335343e-57,1.60657543556618e-57,"PTGS2",1703,TRUE
"OK","negbinomial.size",2.93586834696681e-38,3.57176669497369e-38,"PGF",1323,TRUE
"OK","negbinomial.size",2.89417196708175e-29,3.39222053052264e-29,"MTRNR2L1",1779,TRUE
"OK","negbinomial.size",3.03323458190184e-08,3.22327753482198e-08,"PTTG1",1301,TRUE
"OK","negbinomial.size",6.47807871551181e-36,7.80437059737844e-36,"NR4A2",2572,TRUE
"OK","negbinomial.size",2.24192290427767e-164,3.6938348803813e-164,"C5orf49",774,TRUE
"OK","negbinomial.size",1.81510985504304e-154,2.90753708261524e-154,"BBC3",1231,TRUE
"OK","negbinomial.size",5.81521555411773e-09,6.23316165342234e-09,"TMEM45A",2236,TRUE
"OK","negbinomial.size",5.87723071780904e-93,8.12109356374572e-93,"LGMN",1927,TRUE
"OK","negbinomial.size",5.92441077999772e-158,9.57872023308042e-158,"FOXJ1",626,TRUE
"OK","negbinomial.size",2.32274816665462e-36,2.80219967106868e-36,"CH25H",1661,TRUE
"OK","negbinomial.size",3.88244520228022e-47,4.79759299996056e-47,"CTSZ",2536,TRUE
"OK","negbinomial.size",3.11600908164044e-115,4.48477180635437e-115,"PTGER4",1441,TRUE
"OK","negbinomial.size",8.04890507818186e-134,1.21931749433053e-133,"SLC44A4",942,TRUE
"OK","negbinomial.size",5.27956167901657e-150,8.33361469406813e-150,"DNAAF1",466,TRUE
"OK","negbinomial.size",3.59931143033989e-32,4.27665437808243e-32,"PTPRS",1396,TRUE
"OK","negbinomial.size",5.30299799130123e-10,5.71244490968315e-10,"KLF4",5681,TRUE
"OK","negbinomial.size",1.40459571487791e-124,2.05928015825321e-124,"TRA2B",5191,TRUE
"OK","negbinomial.size",0.0926722152433052,0.0944186880865241,"TNFRSF18",930,TRUE
"OK","negbinomial.size",4.5717645698446e-32,5.42465892032316e-32,"ACER3",957,TRUE
"OK","negbinomial.size",1.94102839340119e-49,2.41581231696694e-49,"RASGEF1B",1187,TRUE
"OK","negbinomial.size",0.98418156581669,0.98418156581669,"CTSB",5435,TRUE
"OK","negbinomial.size",5.7430120245853e-101,8.09072540922847e-101,"TLE3",1641,TRUE
"OK","negbinomial.size",0.630519465676869,0.634185276523828,"TSC22D1",7313,TRUE
"OK","negbinomial.size",1.92480442782789e-116,2.7795589817548e-116,"IFFO2",910,TRUE
"OK","negbinomial.size",1.06267104463257e-24,1.22073101408655e-24,"TWISTNB",1605,TRUE
"OK","negbinomial.size",9.87474924457404e-142,1.52802470421405e-141,"SFTA2",564,TRUE
"OK","negbinomial.size",3.96069019784011e-97,5.51690341567101e-97,"CLEC2B",1999,TRUE
"OK","negbinomial.size",1.33546340023068e-27,1.55684075633361e-27,"ALG13",1683,TRUE
"OK","negbinomial.size",1.67670484457773e-18,1.88357102670095e-18,"C4orf48",2247,TRUE
"OK","negbinomial.size",4.07822719744283e-06,4.28114869634471e-06,"HLA-DRB1",2873,TRUE
"OK","negbinomial.size",2.65944728686348e-18,2.98368599628653e-18,"GNPTAB",1165,TRUE
"OK","negbinomial.size",1.79376254854746e-138,2.75595844492638e-138,"PIFO",998,TRUE
"OK","negbinomial.size",2.59523111324701e-147,4.05212078151384e-147,"PIM1",2993,TRUE
"OK","negbinomial.size",2.59189033484126e-91,3.55306678231012e-91,"HILPDA",1033,TRUE
"OK","negbinomial.size",2.94038573503476e-102,4.15593735425665e-102,"IER5L",1162,TRUE
"OK","negbinomial.size",8.61132937774988e-57,1.09702502382233e-56,"ISG15",1940,TRUE
"OK","negbinomial.size",0.265067157161448,0.26848137112957,"C1orf56",1807,TRUE
"OK","negbinomial.size",3.99404066333215e-61,5.19525590042452e-61,"PPM1N",1047,TRUE
"OK","negbinomial.size",9.73798311106059e-85,1.32860495127246e-84,"BRE",1015,TRUE
"OK","negbinomial.size",4.52552729196213e-53,5.68979812143494e-53,"SLC25A37",2383,TRUE
"OK","negbinomial.size",0.923256430220418,0.924325014051691,"JUNB",7937,TRUE
"OK","negbinomial.size",4.64999605143621e-60,6.01232673317238e-60,"NR1D1",1452,TRUE
"OK","negbinomial.size",7.06396404096358e-79,9.53249437665133e-79,"IFRD1",4415,TRUE
"OK","negbinomial.size",0.000297911113665427,0.000310100016029596,"ZFP36",7811,TRUE
"OK","negbinomial.size",2.79760710249596e-46,3.44719393683618e-46,"PLEC",2298,TRUE
"OK","negbinomial.size",1.31620367140034e-14,1.45590303805792e-14,"ZNF503",2270,TRUE
"OK","negbinomial.size",5.83054372119518e-90,7.98009544119277e-90,"KDM5B",1803,TRUE
"OK","negbinomial.size",2.65397435990566e-118,3.84537323503918e-118,"C9orf116",697,TRUE
"OK","negbinomial.size",1.2981792221254e-07,1.37276898183187e-07,"NFKB1",1728,TRUE
"OK","negbinomial.size",2.61591321586046e-15,2.90098068169141e-15,"NR4A3",1097,TRUE
"OK","negbinomial.size",6.69810144101557e-47,8.26513230596073e-47,"VASP",2732,TRUE
"OK","negbinomial.size",1.49304672492107e-11,1.62860708329978e-11,"EGR2",2059,TRUE
"OK","negbinomial.size",7.94748942549007e-72,1.06253143014666e-71,"CETN2",3110,TRUE
"OK","negbinomial.size",1.47128698535583e-42,1.80263915344589e-42,"GPM6B",1091,TRUE
"OK","negbinomial.size",3.43509746247349e-26,3.96181240671943e-26,"IRF1",3895,TRUE
"OK","negbinomial.size",0.00495454861741811,0.00510200542150793,"CDC42SE1",2057,TRUE
"OK","negbinomial.size",0.0369080989615849,0.0378712996462289,"FBXO34",1117,TRUE
"OK","negbinomial.size",0.00378075828564224,0.0039072352653292,"GCHFR",1617,TRUE
"OK","negbinomial.size",9.44626266921684e-174,1.61164047512279e-173,"NEAT1",5573,TRUE
"OK","negbinomial.size",3.30266985086459e-60,4.27666080987706e-60,"CNKSR3",1297,TRUE
"OK","negbinomial.size",3.72036270682308e-17,4.1577696917338e-17,"CTD-3252C9.4",2742,TRUE
"OK","negbinomial.size",1.97596923274373e-10,2.13651673290416e-10,"HLA-DQB1",1720,TRUE
"OK","negbinomial.size",0.275328265286885,0.278223071814434,"FOSB",7240,TRUE
"OK","negbinomial.size",7.42460225223833e-27,8.60895569461951e-27,"DTNBP1",1035,TRUE
"OK","negbinomial.size",2.71023695513284e-97,3.78121768740307e-97,"MT-ND5",7988,TRUE
"OK","negbinomial.size",1.15576553511417e-52,1.45099736991837e-52,"EFNB2",969,TRUE
"OK","negbinomial.size",3.17314847702259e-89,4.33613496465172e-89,"TFF3",1244,TRUE
"OK","negbinomial.size",4.39164683281697e-05,4.59343955306733e-05,"FST",1180,TRUE
"OK","negbinomial.size",4.55054115618117e-56,5.77158079193067e-56,"USP31",981,TRUE
"OK","negbinomial.size",0.301926222351829,0.304744670168415,"OMG",1001,TRUE
"OK","negbinomial.size",1.05557417506362e-51,1.32329226294208e-51,"CYB5D2",1199,TRUE
"OK","negbinomial.size",3.88988322194109e-68,5.15275495708888e-68,"TRAPPC2P1",1072,TRUE
"OK","negbinomial.size",6.1728307671823e-14,6.80190906192699e-14,"ADM",1670,TRUE
"OK","negbinomial.size",7.30766676246041e-51,9.13458345307552e-51,"BTN3A2",948,TRUE
"OK","negbinomial.size",1.51454034661973e-08,1.61538520323806e-08,"GPBP1",4300,TRUE
"OK","negbinomial.size",1.23087353486142e-97,1.7228246078562e-97,"HIST3H2A",1318,TRUE
"OK","negbinomial.size",3.18450485533184e-51,3.98639175088573e-51,"KLF2",2110,TRUE
"OK","negbinomial.size",6.09502891980934e-34,7.27200002156562e-34,"HP",384,TRUE
"OK","negbinomial.size",1.67670445971452e-34,2.00324496913406e-34,"RDH11",2348,TRUE
"OK","negbinomial.size",1.84561050520745e-10,1.9980639386789e-10,"MTRNR2L8",2424,TRUE
"OK","negbinomial.size",1.74191090887801e-11,1.89767372314795e-11,"HLA-DRB5",1501,TRUE
"OK","negbinomial.size",2.46524854331525e-06,2.59736904989974e-06,"DNAJB4",2622,TRUE
"OK","negbinomial.size",2.00981824942662e-58,2.59089833942478e-58,"GLA",1164,TRUE
"OK","negbinomial.size",6.11695173900183e-55,7.7130659682749e-55,"MORN2",1897,TRUE
"OK","negbinomial.size",2.68034402022587e-55,3.39457917642076e-55,"CREB3L2",1153,TRUE
"OK","negbinomial.size",9.83207188074089e-35,1.17957589137876e-34,"GSTA1",1072,TRUE
"OK","negbinomial.size",2.38881249974051e-57,3.05669055070346e-57,"MSMB",864,TRUE
"OK","negbinomial.size",1.71109195689051e-29,2.00826939309402e-29,"CP",1032,TRUE
"OK","negbinomial.size",1.90936898527195e-60,2.4761681743032e-60,"DNAJA1",6422,TRUE
"OK","negbinomial.size",0.188677102987313,0.191555978971861,"HLA-DMA",1397,TRUE
"OK","negbinomial.size",1.39015062270668e-65,1.82193983127467e-65,"DUSP4",983,TRUE
"OK","negbinomial.size",6.30086763373238e-71,8.39792065204701e-71,"PSENEN",2991,TRUE
"OK","negbinomial.size",1.43781938871829e-80,1.94634392995512e-80,"KIF9",1211,TRUE
"OK","negbinomial.size",4.02615724789616e-27,4.68724901672971e-27,"PMEPA1",2546,TRUE
"OK","negbinomial.size",6.92355011291278e-38,8.38777429645596e-38,"CD55",3814,TRUE
"OK","negbinomial.size",2.44838837480414e-31,2.89324582541747e-31,"HNRNPH1",4473,TRUE
"OK","negbinomial.size",4.20733761981115e-58,5.41569500169143e-58,"CDKN1A",4808,TRUE
"OK","negbinomial.size",5.2357588593514e-20,5.91244309835373e-20,"SFTPA2",532,TRUE
"OK","negbinomial.size",1.03193198364349e-07,1.09524069429647e-07,"PLAT",1152,TRUE
"OK","negbinomial.size",8.02685553835393e-23,9.14786566623999e-23,"ANKRD37",1930,TRUE
"OK","negbinomial.size",1.78709762479567e-08,1.90140153191667e-08,"SEC11C",1876,TRUE
"OK","negbinomial.size",1.55501871789422e-36,1.87861898181355e-36,"DNALI1",877,TRUE
"OK","negbinomial.size",7.60138139006889e-58,9.76997756673044e-58,"TLE4",2292,TRUE
"OK","negbinomial.size",3.96093819366856e-55,5.00908119520951e-55,"ABHD3",1281,TRUE
"OK","negbinomial.size",0.426952041145566,0.42993424399408,"FAM229B",1727,TRUE
"OK","negbinomial.size",3.79016424986152e-56,4.82131187666208e-56,"ANKRD36C",1060,TRUE
"OK","negbinomial.size",1.86957913966557e-82,2.53875346281117e-82,"XIST",3278,TRUE
"OK","negbinomial.size",1.45158045710583e-11,1.58537512045018e-11,"NFKBIZ",4531,TRUE
"OK","negbinomial.size",2.82253870205886e-64,3.68806038864187e-64,"NPC2",7319,TRUE
"OK","negbinomial.size",6.20618954322196e-05,6.48351926918719e-05,"CITED2",3568,TRUE
"OK","negbinomial.size",6.602257165114e-11,7.16556141508608e-11,"PRPS2",1825,TRUE
"OK","negbinomial.size",1.41418349451141e-50,1.76263504719361e-50,"SMAD7",1200,TRUE
"OK","negbinomial.size",8.0617642112013e-28,9.41083136665199e-28,"ARID4A",1640,TRUE
"OK","negbinomial.size",0.000115659929016475,0.000120682555608264,"C12orf75",1624,TRUE
"OK","negbinomial.size",2.46873240663768e-49,3.0681803616977e-49,"PLA2G16",1963,TRUE
"OK","negbinomial.size",1.3199814165503e-24,1.51430228821752e-24,"VMP1",5515,TRUE
"OK","negbinomial.size",3.34460728613423e-35,4.02376259041184e-35,"EFHC1",1793,TRUE
"OK","negbinomial.size",2.05103713693991e-15,2.27746742420157e-15,"UBA7",875,TRUE
"OK","negbinomial.size",1.30332676790725e-34,1.56146489506894e-34,"TXN",6875,TRUE
"OK","negbinomial.size",2.54469700816769e-44,3.12665186372877e-44,"C15orf48",617,TRUE
"OK","negbinomial.size",1.42412055855486e-17,1.59361485530395e-17,"SFTPC",1248,TRUE
"OK","negbinomial.size",1.51583846948265e-24,1.73668910742052e-24,"BAMBI",1019,TRUE
"OK","negbinomial.size",0.822839744002775,0.82474667272584,"C2orf40",792,TRUE
"OK","negbinomial.size",2.66665165536239e-48,3.29993373660725e-48,"ODF3B",1913,TRUE
"OK","negbinomial.size",5.03915155850019e-38,6.11341668738102e-38,"DFFA",1337,TRUE
"OK","negbinomial.size",7.90482980548428e-49,9.81015463664835e-49,"MRPS31",1560,TRUE
"OK","negbinomial.size",5.19851115962242e-44,6.37831511074241e-44,"WDR54",1120,TRUE
"OK","negbinomial.size",0.275020573671218,0.278223071814434,"WDR60",1023,TRUE
"OK","negbinomial.size",6.89198473932194e-25,7.92761542488494e-25,"RSRC1",1271,TRUE
"OK","negbinomial.size",0.000603151961768098,0.000626322265221374,"WIF1",617,TRUE
"OK","negbinomial.size",9.50170816127229e-19,1.07017936972663e-18,"SFTPA1",432,TRUE
"OK","negbinomial.size",3.15916781932855e-28,3.69780806998538e-28,"HEXIM1",2674,TRUE
"OK","negbinomial.size",2.09408806998326e-10,2.26140596820914e-10,"TNFAIP2",974,TRUE
"OK","negbinomial.size",0.00149348511193616,0.00154714325967039,"FAM43A",788,TRUE
"OK","negbinomial.size",1.35097950375314e-20,1.52757813169473e-20,"ELMSAN1",1813,TRUE
"OK","negbinomial.size",4.86342773514257e-38,5.90851824564371e-38,"LRRC23",1023,TRUE
"OK","negbinomial.size",2.04912941692872e-26,2.36964832305259e-26,"DLC1",1143,TRUE
"OK","negbinomial.size",4.67351607866197e-13,5.11720431397798e-13,"EHD1",1401,TRUE
"OK","negbinomial.size",3.93263430478011e-14,4.34448106466768e-14,"OPA3",955,TRUE
"OK","negbinomial.size",0.0584097339769023,0.0597922128875982,"GBP1",1350,TRUE
"OK","negbinomial.size",1.00889860821031e-23,1.15283658666039e-23,"OFD1",1768,TRUE
"OK","negbinomial.size",6.38673430004681e-15,7.07365578686362e-15,"NFATC1",1733,TRUE
"OK","negbinomial.size",1.23984002427243e-07,1.31424492279225e-07,"SLC4A2",923,TRUE
"OK","negbinomial.size",1.67305595364351e-26,1.93734056211732e-26,"UBXN11",914,TRUE
"OK","negbinomial.size",0.0880663930792986,0.0898318750160299,"NDRG1",1903,TRUE
"OK","negbinomial.size",5.52457367139795e-28,6.45777868345842e-28,"SCAF4",1259,TRUE
"OK","negbinomial.size",0.722825594788035,0.725341229108644,"RANBP2",1183,TRUE
"OK","negbinomial.size",9.4197437158027e-09,1.00717902523725e-08,"SNUPN",1101,TRUE
"OK","negbinomial.size",3.78481149889804e-06,3.97796105291228e-06,"IFI27",1933,TRUE
"OK","negbinomial.size",1.15957318600155e-29,1.36281359496106e-29,"ZFAND2A",1394,TRUE
"OK","negbinomial.size",3.21817344740397e-22,3.65797638896772e-22,"INSIG1",1621,TRUE
"OK","negbinomial.size",1.25892665983415e-16,1.40512459452457e-16,"SRRT",1035,TRUE
"OK","negbinomial.size",0.693371568102795,0.696592806514423,"INTS6",2892,TRUE
"OK","negbinomial.size",3.49244600419584e-06,3.67514086816229e-06,"HNRNPUL1",2614,TRUE
"OK","negbinomial.size",0.0525101836059766,0.0538167166103907,"ABCD3",967,TRUE
"OK","negbinomial.size",1.64642475282252e-09,1.77134006367099e-09,"MCM7",966,TRUE
"OK","negbinomial.size",0.100440980013682,0.102213467896276,"HIPK1",1284,TRUE
"OK","negbinomial.size",2.53754087679979e-09,2.72329138763253e-09,"HPS4",902,TRUE
"OK","negbinomial.size",7.02361641850025e-09,7.5190943094093e-09,"GADD45B",5828,TRUE
"OK","negbinomial.size",4.16254825736008e-14,4.59260745231693e-14,"MID1IP1",1643,TRUE
"OK","negbinomial.size",0.00388995836635465,0.00401529115381476,"ASPSCR1",1123,TRUE
"OK","negbinomial.size",0.0001710197957849,0.000178231473920408,"RBM5",1781,TRUE
"OK","negbinomial.size",4.29368902675354e-13,4.70727630943196e-13,"ICAM1",2984,TRUE
"OK","negbinomial.size",0.00364503928309718,0.00377148203334816,"HSPA2",1084,TRUE
"OK","negbinomial.size",0.00488773950068549,0.00503920699415131,"EPM2AIP1",1201,TRUE
"OK","negbinomial.size",0.000586796852521676,0.00061007124691256,"PTCD3",1018,TRUE
"OK","negbinomial.size",7.6935753819239e-06,8.06659721862324e-06,"THBD",1195,TRUE
"OK","negbinomial.size",0.398311715286739,0.401561344665535,"HSPA5",5300,TRUE
